{"cameraMode":{"drawMode":0,"name":"Shaded","section":"Shading Mode"},"sceneLighting":false,"audioPlay":false,"sceneViewState":{"showFog":true,"showMaterialUpdate":false,"showSkybox":true,"showFlares":true,"showImageEffects":true,"showParticleSystems":true},"in2DMode":false,"pivot":{"x":-0.9087405204772949,"y":-28.207616806030275,"z":100.9037094116211},"rotation":{"x":0.1719588190317154,"y":-0.0000029781333523715149,"z":5.700393899132905e-7,"w":0.9851059317588806},"size":52.17702865600586,"orthographic":true}