{"cameraMode":{"drawMode":0,"name":"Shaded","section":"Shading Mode"},"sceneLighting":true,"audioPlay":false,"sceneViewState":{"showFog":true,"showMaterialUpdate":false,"showSkybox":true,"showFlares":true,"showImageEffects":true,"showParticleSystems":true},"in2DMode":false,"pivot":{"x":0.08945079892873764,"y":5.255988121032715,"z":-45.091583251953128},"rotation":{"x":0.010497228242456913,"y":-0.004500610288232565,"z":0.00004718946001958102,"w":0.9999340176582336},"size":10.0,"orthographic":true}