{"cameraMode":{"drawMode":0,"name":"Shaded","section":"Shading Mode"},"sceneLighting":false,"audioPlay":false,"sceneViewState":{"showFog":true,"showMaterialUpdate":false,"showSkybox":true,"showFlares":true,"showImageEffects":true,"showParticleSystems":true},"in2DMode":false,"pivot":{"x":-0.9087405204772949,"y":-28.207616806030275,"z":100.9037094116211},"rotation":{"x":0.1955348402261734,"y":0.011765212751924992,"z":-0.0023459794465452434,"w":0.9806236624717712},"size":64.76671600341797,"orthographic":true}