{"cameraMode":{"drawMode":0,"name":"Shaded","section":"Shading Mode"},"sceneLighting":false,"audioPlay":false,"sceneViewState":{"showFog":true,"showMaterialUpdate":false,"showSkybox":true,"showFlares":true,"showImageEffects":true,"showParticleSystems":true},"in2DMode":false,"pivot":{"x":-0.7999994158744812,"y":4.084578990936279,"z":14.382295608520508},"rotation":{"x":0.1719588190317154,"y":-0.0000029781333523715149,"z":5.700393899132905e-7,"w":0.9851059317588806},"size":13.83674144744873,"orthographic":true}