{"cameraMode":{"drawMode":0,"name":"Shaded","section":"Shading Mode"},"sceneLighting":false,"audioPlay":false,"sceneViewState":{"showFog":true,"showMaterialUpdate":false,"showSkybox":true,"showFlares":true,"showImageEffects":true,"showParticleSystems":true},"in2DMode":false,"pivot":{"x":0.17000000178813935,"y":2.450000047683716,"z":-5.789999961853027},"rotation":{"x":0.21609656512737275,"y":-0.004396473988890648,"z":0.0009730645688250661,"w":0.9763616323471069},"size":11.64132308959961,"orthographic":true}