{"cameraMode":{"drawMode":0,"name":"Shaded","section":"Shading Mode"},"sceneLighting":false,"audioPlay":false,"sceneViewState":{"showFog":true,"showMaterialUpdate":false,"showSkybox":true,"showFlares":true,"showImageEffects":true,"showParticleSystems":true},"in2DMode":false,"pivot":{"x":-0.9087405204772949,"y":-28.207616806030275,"z":100.9037094116211},"rotation":{"x":0.18839766085147859,"y":-0.11315462738275528,"z":0.021857742220163347,"w":0.9753082394599915},"size":54.79220962524414,"orthographic":true}