{"cameraMode":{"drawMode":0,"name":"Shaded","section":"Shading Mode"},"sceneLighting":false,"audioPlay":false,"sceneViewState":{"showFog":true,"showMaterialUpdate":false,"showSkybox":true,"showFlares":true,"showImageEffects":true,"showParticleSystems":true},"in2DMode":false,"pivot":{"x":-5.885854244232178,"y":7.582148551940918,"z":11.530752182006836},"rotation":{"x":0.0801425650715828,"y":0.3347180187702179,"z":0.028584206476807596,"w":-0.9384722113609314},"size":26.07068634033203,"orthographic":false}