{"cameraMode":{"drawMode":0,"name":"Shaded","section":"Shading Mode"},"sceneLighting":false,"audioPlay":false,"sceneViewState":{"showFog":true,"showMaterialUpdate":false,"showSkybox":true,"showFlares":true,"showImageEffects":true,"showParticleSystems":true},"in2DMode":false,"pivot":{"x":0.8000001907348633,"y":5.110000133514404,"z":11.563030242919922},"rotation":{"x":0.04454692453145981,"y":-0.07575367391109467,"z":-0.0033874185755848886,"w":-0.9961282014846802},"size":21.93876838684082,"orthographic":false}