{"cameraMode":{"drawMode":0,"name":"Shaded","section":"Shading Mode"},"sceneLighting":true,"audioPlay":false,"sceneViewState":{"showFog":true,"showMaterialUpdate":false,"showSkybox":true,"showFlares":true,"showImageEffects":true,"showParticleSystems":true},"in2DMode":false,"pivot":{"x":24.470001220703126,"y":3.5565309524536135,"z":24.635135650634767},"rotation":{"x":-0.03193984180688858,"y":0.9133260250091553,"z":-0.07304739952087403,"w":-0.3993501663208008},"size":-15.36527156829834,"orthographic":false}