{"cameraMode":{"drawMode":0,"name":"Shaded","section":"Shading Mode"},"sceneLighting":false,"audioPlay":false,"sceneViewState":{"showFog":true,"showMaterialUpdate":false,"showSkybox":false,"showFlares":true,"showImageEffects":true,"showParticleSystems":true},"in2DMode":false,"pivot":{"x":0.01495671272277832,"y":3.7747888565063478,"z":0.0},"rotation":{"x":0.19099493324756623,"y":-0.0364961214363575,"z":0.007106123026460409,"w":0.9808902740478516},"size":6.8754963874816898,"orthographic":true}